tweet_id,predicted_sentiment
569731104070115329,positive
569263373092823040,negative
568818669024907264,negative
567775864679456768,neutral
568526521910079488,neutral
570008443626647552,negative
568622671287566336,negative
569076569983086592,neutral
568884344221081600,negative
570119853312311296,positive
570303720308809728,negative
569184833361936387,neutral
568572506300243968,positive
568975192615223296,neutral
569332237138841600,negative
569346960181870592,negative
570240246719381504,negative
569994045205803009,positive
569587048811761664,negative
568944962311626752,neutral
569598991463268352,negative
568424902287446016,negative
568803218488033282,negative
570118668551458816,negative
569289836995190784,negative
569522479049400320,negative
567821528424845312,positive
568567970450055170,neutral
568072079096061952,neutral
569628323443318785,negative
569849295786127360,negative
568198336651649027,positive
568434482270707712,positive
568766295761682432,neutral
569152201278525440,negative
568945122961784833,negative
569243676594941953,negative
569985838689456128,negative
568815660815519744,negative
569857037477158912,negative
570268326250745856,negative
569830265364701184,negative
568450017649778688,positive
569261989735718914,negative
570250252382416896,neutral
568828267660054528,positive
568631189856264192,positive
570018079993937920,negative
569117696610185217,negative
570255201069899776,negative
568056439291256832,neutral
569341641200439296,neutral
568812046747201537,negative
569594026732740609,negative
570023071698055168,negative
567784773780013057,negative
570021075355963392,negative
568864286266814465,positive
567820647465803776,negative
567897030934269952,negative
567729416231321600,negative
569275566077165568,negative
569380376709238784,negative
570246490473566208,negative
568179591480811521,negative
569870442388983808,negative
569978315072610304,negative
567765690589790208,negative
568437189694111744,negative
568382154071089154,negative
569850912451072000,negative
569691767953436674,negative
569615444300185600,negative
567874858815733761,negative
569966909019398144,negative
569341769114128386,neutral
570081513087369216,negative
568847512372514816,neutral
569699471954587648,negative
569715860241129472,negative
568807823187976193,neutral
570089091276128258,negative
568482412990218241,negative
569016065600008193,negative
569664849522925569,negative
569678620878376960,negative
569884462051418112,negative
569471541554978817,negative
569609590171676675,negative
570279653337927680,positive
569667324879511552,neutral
568472185993629696,negative
569233554242080768,negative
569815061440679937,negative
568273310347165696,neutral
569682062787149824,negative
569670147893383168,negative
568923827788505088,negative
568495601471647745,neutral
568800389903962112,negative
569602278988120064,negative
569799053690556418,negative
569672448716742656,negative
568261172610220033,negative
569336402401472512,negative
569528105557053442,negative
567871270014025728,negative
569704164743376896,negative
567731485894270977,negative
569951879825907713,positive
569706873525391360,negative
569459618881019905,neutral
568796187299606528,negative
569623961224351744,negative
569616362223628289,negative
568056050877919232,negative
569036471232892929,neutral
569091378438746112,positive
569641686101585921,negative
569532310716080129,negative
568417151176060929,negative
569615736387325952,negative
568206634758983681,negative
568178422175948801,negative
569256055781240832,negative
569086048388538368,negative
568257392195936259,negative
569592626300751873,neutral
569595245945597952,negative
570206113783795713,negative
570068045500194816,negative
568793043664560128,negative
568859651980156928,negative
570302358242115584,positive
569596034059358208,negative
570017568964132865,negative
569618440396398592,negative
569760118591467520,negative
569893064342437888,negative
570252666439385088,negative
570115243747074048,neutral
568925711077117953,positive
569715908664430593,negative
568630779720417280,neutral
570195444300718080,negative
569621527911485440,negative
569508595181731841,neutral
570174794425098241,negative
569894449620369408,negative
568895061284364288,negative
570299182310944768,negative
570220267462529024,negative
570031758546063361,negative
568308149796474880,negative
569527848131637248,neutral
569962494283919360,negative
570206562855329793,positive
569897573294743552,negative
568008802865274880,positive
568855933360607232,negative
567906137938399232,positive
568605539866976256,positive
568893623099654144,negative
568891233386561537,negative
570051834188075008,negative
569608870429114368,negative
569578942543372288,negative
569479822226952192,negative
570145106415771648,positive
569678975049588737,negative
569113328724807680,neutral
567894002286096384,negative
567742912579272704,negative
567864523585118208,negative
568815893641211905,negative
569589643487928321,positive
568284092707401728,neutral
569558153202774016,negative
568257389402710016,negative
569687262444720128,negative
570231192102019072,negative
568989687353729024,negative
567823930985091072,negative
569346451526041600,positive
569024126641311744,negative
569890600474021889,neutral
567751134476259328,negative
568046298080923649,negative
569860677650636801,negative
569525452081111041,negative
569924355011932162,negative
569543955622338560,negative
567872077899763712,negative
569176746735632384,positive
569340120790233089,negative
567804951288901634,negative
569710305707601920,negative
569221210019487745,positive
569339467615506435,negative
568860978231709697,positive
567925054853496832,negative
568202855166967808,positive
568712938019639296,neutral
569519571314589696,negative
568547007003955200,positive
570061339604987904,negative
569529813121290240,negative
569476281974132736,positive
567780888700669952,negative
569802164060557312,negative
569352324700708864,negative
570212050548461568,negative
567784566614540289,neutral
569843142830071808,positive
568820729879367680,negative
568929608566837249,positive
570001064424026112,positive
569229142597771265,negative
569580180353609729,negative
567821288820203520,negative
569278421743878144,negative
570024324666564610,negative
569704220472913920,neutral
570110504254857217,negative
569949946146742272,neutral
570120432453615617,negative
569386397683073024,negative
568521960088449025,negative
568534107875119105,negative
567741700597366784,neutral
569646613183885312,negative
569275378331717633,negative
569461469042966528,neutral
569941314713726976,neutral
569345132866220032,negative
570101817041747968,negative
570242641264320512,negative
568054687993352192,negative
567811913586876417,negative
570254579578720256,neutral
568034773156933632,neutral
568891505869344770,negative
567772565956222976,negative
570006737190854656,negative
568492682152189952,negative
568797401772892161,negative
567817558418804737,neutral
570248991704788992,negative
569658503570296832,negative
569741366642618368,negative
568229659810209792,negative
569349932131487746,negative
570264948548313088,positive
569647318535786496,negative
569942084393824256,negative
567924107183915009,positive
569626787875053568,negative
569606374591746050,negative
569549922569224192,negative
570010882069151744,positive
568957769858060290,negative
567822848878968832,negative
569834720424361985,negative
567856355907760128,neutral
568828240502128640,negative
569310731486699520,positive
567731738924032000,negative
569974287286845441,negative
568550060461408257,negative
570228063625207808,negative
568390014238916608,neutral
568438000843034624,neutral
569620944160886784,negative
569262702301876224,negative
569701646445326336,negative
569399153253429248,negative
569630593924911104,negative
569608866138173440,negative
569330414193483776,positive
569331162897739776,negative
569145957721505792,negative
570229813937463299,positive
568863304975839233,negative
569716449704587265,negative
569641615721140224,negative
570045914347237376,negative
568101606585020416,negative
569884071758835712,negative
570010571707256832,positive
567806872410161152,negative
569533663211356161,negative
568984515298922496,negative
569877431227686912,negative
568269181394817024,negative
569643671198572544,negative
569257033972604929,negative
568215698524246016,positive
568474825989054464,neutral
568611819864117248,positive
569632550873915392,negative
567811428779868160,neutral
570282333892251648,negative
567800210064420864,positive
569671000486502400,positive
567769468278988800,neutral
569985685723209730,negative
570016890996723713,neutral
569886919833874432,negative
569667923326971904,negative
569660029093203968,negative
569968117037707264,neutral
569623164143185920,negative
567756837320392705,negative
569919703054991361,negative
569322419036356608,neutral
570095131967295489,negative
570271730729689088,negative
569247182475407360,negative
567782686077747200,negative
568517565548339200,negative
568642357379399681,positive
568622478081306624,negative
568100774204600320,neutral
569679274535362561,negative
569863714704220160,negative
569392880911036416,negative
567850746319753217,neutral
570217831557677057,positive
567744627143213056,positive
568604311598469121,negative
569241776617160704,neutral
569989999963213824,neutral
568833970143698944,negative
569526583473483776,negative
568166054624669696,negative
570286924277030912,negative
570184083692658688,negative
567861901603901440,negative
569687374193680384,negative
568101176551452673,negative
569958552493793280,negative
569242876909109248,negative
569295556729823232,negative
569820790905970688,negative
568924781837455360,negative
568998609590419456,negative
568433045805465600,negative
569420073707773952,neutral
569921467552567296,neutral
569490688569679872,negative
569504786879528962,negative
570223944260849664,negative
568967598794149889,neutral
569636885863251969,negative
568772912557133824,positive
568839596261249024,negative
567881459161260032,negative
568778374451220480,negative
568597262378655744,negative
569708573762023424,neutral
567898499540340736,negative
568435677190336512,neutral
570059116066017280,negative
569518979103924224,neutral
569586372866150400,negative
568853687130390528,neutral
569304100048912384,negative
569730682949398528,positive
569197579956842496,negative
567828625388609536,neutral
569464902164856832,negative
568483773467262976,positive
568525820764897280,negative
568250000028925952,negative
569872921700667392,negative
569746398519955456,negative
567860982422306816,positive
570081165459259392,neutral
569857128988602368,negative
569909756493746176,negative
568454321219596289,negative
569584744532287490,negative
569704066760232960,negative
569638919131627522,negative
570264793140953088,negative
568910590921609216,negative
568416873211015168,negative
569967632868188160,negative
569894640675102722,negative
568516490405679104,negative
567869456048865281,neutral
569225573773369344,negative
569646184005894144,negative
568821261767303168,negative
570269633778855936,negative
568076483664568320,negative
569217012980805632,negative
569889440753172481,negative
569941529902641153,neutral
568157049344937984,negative
570300325917270018,negative
570066859330019329,negative
567760693643214848,negative
570249204767055872,negative
568443923485437952,negative
568117268254568448,negative
568432260912959488,neutral
569339717990400000,negative
568490310524936192,negative
568958380032860160,positive
568743141861228544,neutral
570022715072983041,negative
569766662024630272,negative
567812369902133248,negative
569866461172387841,negative
570267956648792064,neutral
568100858954522625,negative
568581984055906304,neutral
570108801711341568,negative
568154689449168896,neutral
569086687336222720,neutral
568825463918833664,negative
567770107062284288,neutral
568879046215520256,negative
569883984190005248,negative
569179849518161920,positive
569604777962643457,negative
569502953851252737,negative
568509134276050945,negative
568606238428270594,negative
569527951831666688,negative
569597711789502464,positive
569599978722746368,negative
568608132731154432,negative
569310717393944577,negative
568095662262358016,negative
568758807418896385,negative
569666455114903552,neutral
569915992303730689,negative
567761193138671616,negative
569567252363812864,negative
567823510245236739,negative
569468823625027586,negative
567844852135645186,negative
570256052966395906,negative
570024409630515202,neutral
568241156347305984,neutral
570087510941962241,negative
568981498046623744,negative
569880322487263232,negative
570293142257311744,negative
569260189486063616,neutral
567772012735922176,negative
569975778953142272,negative
567845953245413376,negative
569286569548320769,negative
569499788934291456,negative
569249493264289793,positive
568594646168948736,negative
569859213331189760,negative
568885556718907392,negative
569906117100351493,negative
568641342869544960,negative
568976619089620992,negative
568829852721106944,negative
569143915405651968,negative
568618050745864192,negative
570257935911096320,negative
568853588858023936,negative
568640650129731585,negative
569641676244791296,negative
568491460250742784,negative
568911851674836992,negative
568072958821990400,positive
570028083606122497,positive
569885605401915392,neutral
570270166166183936,neutral
568442965661761536,positive
569660461601447936,negative
569698949474291713,negative
569666011147821057,negative
570234625848696833,neutral
567698031081160704,negative
570239297456091136,neutral
569931787398303744,positive
568992314296819712,negative
568533394402861056,negative
569229785500680192,negative
568942857123336193,positive
569980415919853569,negative
569974705811107840,neutral
569587157574135808,positive
569881453842042880,negative
568542819788451841,neutral
569760267485122560,negative
569250085516681216,positive
568629385105793024,neutral
569903376583913472,positive
568585356586586113,positive
570292715444965377,negative
569644766779936768,negative
568894687911632896,negative
568830614289252352,neutral
570185364746461184,neutral
569740739912949760,negative
568895164577685504,neutral
569347125575725057,negative
570042296357539840,positive
570282347267895296,negative
570277811795001344,negative
570128633957736448,negative
569612307363266560,negative
568420497563598848,negative
569180531742486528,negative
568800246433775617,positive
568502112457510912,negative
569931716049154051,negative
569838589879685120,negative
568140724618686464,neutral
568526386249351168,neutral
568796551394549760,negative
569154129362186240,negative
569920760522764288,negative
568274949275824128,negative
570025681062633472,negative
569040346262282241,neutral
568827568973066240,negative
569305113589714944,negative
569508903735545857,negative
569223447005433856,negative
569703263467126784,negative
569767473525862400,neutral
569973034880098304,negative
569800909942886400,negative
569284223590232064,negative
567900433542488064,negative
570257317859610624,negative
568519360953716736,negative
569711632991047680,negative
568182544124014592,negative
568452676452806656,neutral
570000760035024896,negative
567719005713334276,positive
569905773276307457,negative
568778028773347329,negative
570084200235335680,negative
568410282298621952,negative
569957240960094209,negative
569669669948424192,negative
569307047285690369,negative
569589955837628416,negative
569555072067051520,negative
567861975419457537,negative
567765558393700352,negative
569364189753544705,negative
569162600237236224,negative
568814251311288320,neutral
567919301732098048,neutral
568775130505207809,negative
568806118660673536,negative
570291091204919297,negative
568531187481706496,neutral
568527393754738688,negative
569674294411669504,negative
569675668524441600,neutral
568160713170149376,positive
570252044528959488,negative
568964945259466752,positive
569960248548593665,negative
569271561481531392,negative
570244951914782721,negative
568558887290441728,negative
569982023667838979,neutral
568392783922372608,negative
570079755560595456,negative
569607661655715841,negative
569608141689753600,negative
568795139512127488,positive
569621047353450496,negative
569729072697352192,negative
569177868221202432,positive
569595595754639360,negative
568539903979446272,negative
570236690637459456,negative
570203037823836160,negative
567855788699607040,negative
568803679018491904,negative
568987648691449857,positive
567856486950576128,negative
568964974611193858,negative
567729135733465088,negative
569664787946164224,negative
569594402114392064,negative
570268646544510976,negative
568570905690898432,negative
569846963350454272,negative
569489006955769856,negative
570006301968867328,negative
569624909501984768,negative
570084632999428096,negative
568085636592349184,negative
568511755040657409,negative
567814094678675458,negative
568784615877574656,neutral
569502753694691328,negative
570092210466611200,negative
569143946930196483,negative
567903883047088128,negative
568725453831315456,negative
570009008817500160,negative
567875699056467968,negative
570285904809598977,positive
570043591927537664,negative
569272664344428545,negative
570291813912858625,neutral
569722230340333569,negative
569944514137362432,negative
567765664459669504,negative
569699437901000706,negative
569945073611374592,negative
568460395544862720,neutral
568116768868159488,negative
569918774788419584,negative
570302532955844608,positive
570275123854487552,negative
568172170569887744,negative
569639529805688832,negative
568798045799784448,positive
570048844702076930,negative
569874150636048384,negative
567744842935980032,negative
568970344154836993,neutral
569423132240556033,negative
570057601976631296,negative
567762670045364225,negative
570082420936052737,neutral
567863197341847552,positive
568483591623208961,neutral
567725170367148034,negative
568432328902610944,negative
569934395865493504,neutral
569944182011379712,negative
570250617379168256,negative
568150150289461249,positive
569658878939410432,negative
569417702764363776,negative
569544955800264704,negative
568533371602608128,neutral
568194744574214144,neutral
568533099908182016,negative
567873519356284928,neutral
569913274218622977,negative
569857446371438592,negative
569194348375613441,negative
569786249508048896,positive
569143406724837376,negative
569207022597509120,negative
569892199690678272,negative
569651459152859137,negative
569232650965102592,negative
567726860638101504,negative
570256300556165122,negative
569571829033144320,negative
569512132494159872,negative
568752276040495104,neutral
568882014415249408,negative
569379367077355520,negative
569134266052816897,negative
569936893166489600,negative
568768028831289344,negative
567863121479536641,negative
569652266006941698,negative
569621883282280448,positive
569903377598914562,positive
568136286109888512,negative
570053736950685696,positive
568868928732028928,neutral
569419949007085568,negative
569662418898579456,negative
569172396680175616,negative
569883848470859776,negative
568273152456810496,negative
570221471844278273,positive
570236169310437376,negative
570032949992800256,negative
569295822006960128,negative
569740409787658240,negative
567858317831249920,neutral
568175537258156033,negative
569490420356374528,negative
568958697856040961,negative
568177321724620800,negative
569643388611330048,negative
570075101326024704,negative
569998019694866432,neutral
570306867878072320,negative
570059496300548096,negative
569604208661409792,negative
568567048801906688,negative
569556697603280897,positive
568797800743313408,negative
568946700791861248,negative
567887623953457152,negative
570290730796777473,negative
568098677618683904,negative
570037961020080129,negative
569619330012463104,neutral
568826365878730753,negative
569369239183872000,negative
569860355746213893,negative
568419991030087681,neutral
570085859132878848,negative
568098769847218177,negative
570094701371469825,negative
570302337069264900,negative
570004247586013184,negative
569603002278944768,positive
568216286561374208,negative
569839216512917504,negative
569758414810849280,negative
569939614175248384,neutral
569549401364029440,negative
568645379031347200,negative
569653415317413888,negative
570216815105847296,negative
569595399557685248,negative
569920593597894657,neutral
570103908607135744,negative
569624021605740545,negative
569475245708419072,positive
569262680965402624,negative
568424307031805952,negative
568965774649520128,negative
570295901555699712,positive
568037591687270400,positive
567767810655670272,negative
570281232287731712,negative
569999076143423488,neutral
567729904788054017,negative
567906248852533248,positive
570001601072652288,neutral
570212129313316864,negative
570268326250745856,negative
567892300551991296,positive
568560083103137793,negative
568464940367007744,positive
567816155369570304,negative
569696449111461888,negative
568439171028791297,negative
567792966690168832,negative
569102942088900608,negative
569125558568783872,negative
570109851709218816,positive
569359780491476992,negative
568672467889176577,negative
570299824760860672,positive
569753041420865536,neutral
569886516505407488,negative
570274049118625792,negative
570267608773054464,negative
567813037454917632,negative
570294237348143104,neutral
569775795452792833,negative
569184999900995585,negative
567783187901915136,neutral
568841522663329793,neutral
569678544869199872,negative
569275249725870080,positive
567925957090238464,negative
569939932191559680,neutral
569975126659342336,negative
568160511264571392,negative
569577548318777345,negative
569617019257151488,negative
569683741779599361,negative
567757851104641024,neutral
569610542723309568,negative
569635389289459712,negative
568659661861175297,positive
567851359178989568,negative
569851855917830145,negative
569320520728113152,positive
569691489179021312,positive
568238379847921665,positive
570046633418891264,negative
567761267826651139,negative
569941647884029952,positive
569910053249142785,negative
567814010914222080,negative
568572344056180737,positive
569804677472251904,negative
569604041141039104,positive
569257818789978113,negative
569256374011428866,negative
569924679206457344,negative
568178240101191681,negative
568950706008231936,negative
569584431544971264,negative
570021301223604224,neutral
569692982955237377,negative
568878244331696128,positive
567747769176432640,negative
568622422309482496,neutral
569356513061556225,negative
567733834964156417,negative
569668637369491458,negative
569891469210755074,neutral
569316516321202176,negative
569956115724660736,negative
569252801802592256,positive
568897700315435008,neutral
568140628959358976,neutral
569180541662027779,positive
569890651107491840,negative
569373336922230784,negative
568986491608834048,neutral
568483386580439040,neutral
570244711388065793,negative
569876171875328000,positive
568470507433168896,negative
569668488408616960,negative
568234162638999552,positive
568785867743105024,negative
569203010410119168,negative
568449323895275520,negative
569204914649489408,negative
569903191279710208,negative
568139299021041664,negative
568890017365561344,neutral
568100987887427584,neutral
570213762948567040,neutral
569015379021795328,negative
568385950486802432,neutral
568832749093687296,positive
570301488192458752,negative
568482168021917697,negative
570299953286942721,positive
569325844931448832,negative
570153610870456321,positive
569643614113918976,negative
569932669288652800,positive
567770993159307264,positive
569526800767983616,negative
569626585365671938,negative
568474866753667072,negative
569771576528220161,negative
570276414567493633,negative
567867483622748160,negative
568564799593820161,negative
567732811772080129,negative
567812709342822400,negative
569995212296200192,negative
569691858365915136,negative
567812160253865984,negative
568959416524886016,negative
568228505160433665,negative
569674104913014784,negative
569323082701275138,negative
570065109961322496,negative
567773326631821312,positive
569384007550394369,negative
569731970562961408,negative
569338341306572800,neutral
567812349895245824,negative
568433759919452160,negative
568772824523001856,negative
569134718396051456,positive
569906446881697793,negative
569562990250323968,negative
568223025805422592,negative
569539111222190081,negative
569986246648442881,negative
568959737544339456,negative
568386094875738113,negative
567774038680801281,negative
568850852909342720,negative
567771077359570944,negative
569561389121060864,negative
568853249551409153,positive
567890395322920960,positive
569386581938860032,negative
568438142673555457,negative
569480693782339584,neutral
568457483301339136,negative
569640139288412160,negative
569763942144176128,negative
568207206023360512,neutral
569962905493315585,negative
569586098772578304,negative
569226228152053760,negative
569288530419175424,negative
570190092213465089,negative
568013199599120384,negative
570237762063831040,negative
569609396461936640,negative
569961695835267073,positive
569967808446009345,negative
570160394494480384,negative
569838878049345536,neutral
570086475989061632,negative
569538649110548480,negative
568165058229997569,negative
568865011717705730,neutral
569703802783145984,negative
569881379825164288,negative
569565393502793728,negative
569565468937232384,negative
568988757954678784,negative
567746540903493632,negative
568559580717805568,neutral
569877449389051906,neutral
568797966489690112,negative
569895932394917888,negative
569130625053155328,negative
569484400594952192,negative
568552347812524032,negative
568248245563969536,negative
569926843853185024,negative
569777329330884608,negative
567927596572360704,negative
569204185318723584,positive
569223862941929472,neutral
569173103009525760,negative
569539928129818624,neutral
568091794304401409,negative
568496664677363712,negative
568266994069295105,neutral
569888931443052544,negative
567887103465496576,negative
568385303267782656,neutral
570294002077061120,positive
568484777336172546,negative
569380098119499776,negative
569952664445808640,neutral
568848952768000000,neutral
568468959663489025,positive
568542018760286209,negative
567842647739654144,negative
570306715880706049,negative
569920484856475649,negative
569979612865925120,negative
568919230671794176,negative
567895211575111680,negative
568868703762296832,positive
569649806202642432,neutral
570023602793238528,negative
569938799397990401,negative
569671435309809664,positive
568180928746369027,negative
569937408013176832,neutral
568110846057975808,neutral
568542052205666305,negative
570064554232688640,negative
568845145510158336,negative
568211517398786048,negative
567897643873148928,negative
568892505829347329,negative
569985760482365440,negative
568039498015223808,negative
569769643864408064,negative
567887646162161664,neutral
569525690615205888,negative
569984682873352192,positive
569525641759993856,neutral
569225585181880320,negative
568305064529408000,negative
569238666654195714,positive
570259268844314625,negative
569662896344592385,positive
569867364390449152,negative
569844191938908160,negative
569942226224050176,negative
567818783616954369,negative
569523831460761601,negative
569651579307069440,negative
569960575792504833,negative
569852380327612416,negative
569233440463155201,neutral
569692788968845312,negative
568862241497305088,negative
569846356409339906,positive
569673434721951744,negative
570079536815034368,positive
569688317412970496,positive
567885370064506880,negative
569365278963798017,negative
568976617453658113,positive
568380302114086912,negative
568552809555103744,negative
569541328289165312,negative
569824790200111104,neutral
569353669738688512,negative
570251394965479424,negative
569259056956727296,negative
569734821091487744,negative
569999091028983808,negative
567865403101298688,negative
569588473050611712,positive
569259515398504449,negative
569875532600385536,negative
569704219315318784,negative
568040818059190273,negative
568995205271015425,neutral
569713494821482498,negative
570202621123780608,neutral
569166753101684736,negative
570045645714620417,negative
569947618413031424,neutral
569950355330506752,negative
570016890996666368,positive
569687606901940226,negative
569880005729067008,negative
569987227075239936,negative
568226977070632960,negative
568494397144358914,positive
570271479616573440,neutral
568611966937214976,negative
569552426698723330,negative
569497632361594880,negative
567946319349706753,negative
569416236171456513,negative
568440431454736384,negative
568034012930936832,negative
569614917826965504,neutral
569626174617485313,negative
569927288751587328,negative
569275466936397825,negative
569970729237782528,neutral
570109961511895040,negative
568633680605945856,negative
569945085158264832,negative
568373623737556992,neutral
570285465145876480,negative
568015003883859969,positive
569956617988345856,neutral
569700243383537664,neutral
569578296360378369,negative
570086488324485121,negative
569491456173477889,negative
568196466503770112,negative
568215917894737920,negative
570222414400860160,neutral
569650751598944256,negative
569351220097216512,negative
569698892528222208,negative
569920515542003712,positive
567849520781893632,negative
568151138421207040,negative
570237399932018688,negative
569986782567071744,neutral
569734526521511936,neutral
567760870630244352,negative
567999609248858112,neutral
568884491294351360,negative
568807747661266945,negative
569667173544812546,neutral
568847612503334912,negative
567802255215460353,negative
569364374755930112,negative
569395649310883840,negative
569261063406882816,negative
570299642887442433,neutral
567834498655604736,positive
569680818228084736,negative
570251909447192577,negative
568894996683870208,neutral
567881730490646528,negative
570079237350100993,negative
569733539899568128,positive
569720008630149120,negative
567843415716732928,negative
568189372362674176,negative
568255534941544448,positive
570236014238699521,negative
570276377401827329,negative
569165652876881920,neutral
567905158346207233,positive
569675004482351104,neutral
568592809344819200,negative
569211350985134081,negative
569894983265710081,negative
569846302663688192,negative
569616335488966656,negative
569986344484794369,negative
568828335922356224,negative
568119831519739904,negative
567856127246999552,negative
569895210777501696,negative
570264316743544832,negative
570281854139572225,negative
569883376041250816,negative
567798973008994304,neutral
569680231012773888,negative
569855814716039168,negative
568617016917168128,neutral
568617891412574208,negative
568134036239097856,positive
568174745293709313,negative
569558713079443456,negative
570031615130394624,negative
569325844906115072,negative
568873199250706433,neutral
567848171155496960,negative
568572753403650049,negative
570125976195219456,positive
570123495180410881,negative
569312688272052224,negative
569683111404908544,negative
568610311487561728,positive
569953874435567616,neutral
569153249917452288,negative
570188934564737024,negative
570279220502511617,negative
569936014094897152,negative
570295174385016832,negative
568602015456215040,negative
567886909516685312,negative
568626969983750145,neutral
569884756684476416,negative
570104743747416064,negative
570065545392861184,negative
570058065480962048,negative
569632519387099137,negative
570263872004874240,negative
570254375081414656,negative
570012047917907969,negative
569873091763032065,negative
567738192426590209,negative
569185684268789761,neutral
569699154965827584,negative
568810539939459072,negative
567842466851905536,negative
567833666925121536,negative
567827498660159489,negative
569958916668305408,negative
568548980122103808,negative
570240052279648257,neutral
570018254271463424,negative
567807278964023296,positive
568760152129720320,negative
568394432900431872,positive
570223806322581504,negative
569196701401128961,negative
569748289945362435,negative
567788199175786496,positive
570175764643094528,negative
569702019797286913,positive
569728283568418816,neutral
567733656106459136,positive
570265596220166144,negative
568551350025330691,negative
567830916950822912,negative
569827255653941248,negative
569176543236399104,negative
570045818205384704,negative
569669062206332929,negative
569993393767460864,neutral
569271994212069376,negative
567878078782898176,positive
569456923663151104,negative
568854763057475584,positive
568172839758630912,negative
568784436428300290,neutral
569585747503611905,negative
569162467051474944,negative
569621840844464128,negative
570087222663229440,negative
568413198518329344,positive
568786315820470272,negative
570030083093729280,negative
568677633682214912,negative
569971394701873153,negative
568870394708545536,positive
569566511184125952,negative
569647174277042176,negative
569002384258502656,negative
568539193669914626,positive
567893822585327616,negative
569325988921810945,negative
570070877351469057,negative
568840215089041409,negative
569207193377107968,negative
569000361735761920,negative
570282469791911936,negative
569604425238454273,negative
569538135916351489,positive
569522879764807680,negative
570295658185408512,positive
569196241252282368,negative
569620643810926592,negative
568768156841308160,negative
569910441423417345,negative
569155666440355840,negative
570031211336368128,negative
568824821531996162,negative
569864878007001088,positive
570012849067720704,negative
570266460003508225,negative
569201109400555520,negative
569546406442209280,negative
567768484612816896,negative
568856823048089600,neutral
569273733334077440,negative
570304059384713218,neutral
568642209823612929,negative
569503367757754369,negative
569616836884619264,negative
569644495517589504,negative
570003289326157824,negative
569893737385472000,neutral
570302460235026433,neutral
569744378354401280,negative
569640163393073152,negative
570101910402940928,positive
568074993856335872,positive
568812829324775428,negative
567752009806131200,negative
569890311608111105,negative
568244508837736449,negative
570073365265944576,positive
568079239343439872,neutral
569514063019053056,negative
567814300594769920,positive
569922420624068608,positive
569491425110466560,negative
569596502558920707,negative
569970287493705728,negative
569342608813793280,negative
569677636613439488,negative
567875147941552128,negative
570221955976187904,negative
568176138574372864,neutral
570035207316885505,negative
569599532268449792,negative
568779794902614016,negative
568070386627305472,negative
569605942318231553,negative
570062369096908801,negative
568467150475812864,negative
569785570320195585,negative
568493245191364609,negative
567781694183186432,positive
569369243965362176,negative
568026425535516674,neutral
568086132346322945,negative
570195492006707200,negative
569374561197789184,negative
569956742122983424,negative
567721764285726720,negative
569654735592140800,negative
570033719609827328,negative
569707473973739520,positive
569683872046194688,neutral
570253932880007168,negative
569262517333196800,negative
568041723642961920,positive
569512408420622336,negative
569811246096064512,negative
569189652080533504,negative
568722339833126912,negative
569978119530029056,neutral
569564016906891264,negative
568213769798578176,negative
569983990683148288,negative
569838973490765824,positive
569663701017624576,negative
569666202634743808,positive
570195373018505216,neutral
569667075280498688,positive
568364437599436800,neutral
568100371794665472,negative
569198593158086656,negative
570271574462369793,negative
568781819233091584,negative
569969045946175490,negative
569890099917246464,positive
568511208011071488,negative
570191874151092225,negative
570198775203016704,negative
569935609940316160,positive
569667517146222592,negative
570254368538173440,negative
569011048843313153,negative
569631508379664384,positive
569681019185573889,negative
569523377842606080,negative
569629305023569922,negative
569248904866336768,negative
570088573598355456,positive
569865190822572033,negative
568541965060427776,positive
569883558749335552,negative
569630715698151424,negative
568206092599218176,negative
569646045656948737,negative
568484677868265473,negative
569484638219071488,negative
569937119411462144,negative
569745375713558528,negative
567802653078728705,negative
569916590814203904,negative
568238605036064768,negative
569923045571350528,negative
569644070470963201,negative
570235195934117889,negative
569110766235877376,negative
568773939754889216,neutral
569310885191286784,negative
568364870757797888,negative
568539290344402944,negative
570175761468030977,negative
568491160056045568,neutral
569183712606179329,negative
569872896199258113,negative
569657781835460608,negative
569924965446725632,positive
569966609080586240,neutral
569961866224652288,neutral
568910988361244672,positive
570302030742470658,positive
569904716328673280,negative
568454607040606208,negative
569934354241212417,negative
568288672627318784,negative
568761996973379584,positive
568875453773168640,negative
569517484102909952,negative
568437777647460352,positive
569358646892748801,negative
569564824939556864,negative
570025186000539648,neutral
568063386321158145,positive
568817350864023552,negative
570025482344898560,negative
570201740496257024,negative
570198522911436800,negative
569875667245871104,negative
567729414822449152,negative
569189483469410305,positive
568735841771597825,neutral
568591705802469376,negative
568210483959836672,negative
569666778030346240,neutral
569020829033492480,negative
567771662167179264,negative
569745686784315392,negative
569641916855402496,negative
568174545854726144,neutral
569283511192051712,negative
570297070998974464,positive
569957094788624384,positive
568513072819646464,negative
570195970610348032,negative
568706817980796928,negative
568150866890522628,negative
569620512139145216,negative
569940685757014016,negative
569413676337274880,negative
568096674167595008,negative
568740200479793153,negative
568920314073260032,negative
567822865844928512,negative
570271383005085696,negative
568608136485056512,negative
569665692770967552,negative
568937199145783297,neutral
567793635892174848,negative
567800823674310658,negative
568039503065174016,positive
568633534627381248,negative
567833231434723328,positive
569230983075115010,positive
569869884164714498,negative
569939966584852480,negative
569491346647445505,negative
569553488885243904,negative
568100935769006080,negative
568052354525696000,neutral
568041161652342784,negative
568808340387536896,negative
568450642085171200,negative
567865703765798912,negative
567907430069329920,positive
568185323668291584,neutral
568434307989159936,negative
569674565074481152,negative
570023321904943105,negative
569316358845911040,neutral
570291828349669378,neutral
569623364337168384,negative
570047059878936576,neutral
569274195332325377,negative
568596833439760384,negative
569724705063596032,negative
569015669347319808,negative
568228614275260416,negative
570260984704700417,negative
569645582387556352,negative
569612379811676161,negative
569593910869127168,negative
568997237176569856,negative
569922837353402368,positive
568656014481846272,negative
570290540274688001,negative
569544271017037824,positive
568805448696115200,negative
568851544537481216,negative
570209843199524864,negative
567730390291714048,negative
570177697814425600,negative
570017634495787009,negative
568177609281896449,negative
568611276026351618,negative
568611474416906240,negative
568259485413715969,negative
568840560347373569,positive
568631538541326336,negative
569849550032101377,negative
567899906150703104,positive
570305051819941889,negative
569393942296432640,negative
568210310663835648,neutral
567859888480772096,negative
569693012885770240,negative
569285269981167616,negative
570019623078383616,negative
567811776566542336,neutral
567824260207738880,negative
569164042679377921,neutral
568929010966765568,negative
568039648964026368,negative
569530195306258432,negative
568641157724549120,negative
567770698111852544,negative
570298644475346945,negative
569625607476158465,negative
569882830328569856,neutral
568958107205783554,negative
569740392372895745,negative
569864437739495424,negative
569705838870466561,negative
569603326947364864,negative
569144026084962305,negative
568725291247525888,negative
569454437288140800,negative
567814795895787520,positive
569601913832022016,negative
569221828025167872,negative
569470757673291777,negative
569872058613673984,positive
569651548881465345,negative
570253196213383168,negative
568079810389549057,neutral
569614361574158336,negative
569984773365612544,neutral
569580671112388608,positive
570051991277342720,positive
570295576446808065,negative
568855090930429952,neutral
568149600403660800,negative
570268875872473088,negative
567734329212940288,positive
569934170819948544,negative
569962134328778752,negative
569753797704024065,negative
569603156927246336,negative
569564566272811008,negative
570296986827694080,negative
569376145000390656,negative
570044554130423808,neutral
568629791869394945,negative
569605022197153792,neutral
567768224607911936,neutral
567663136082513920,negative
568920244691070976,neutral
569674356915347456,negative
568104907384832000,neutral
570267592478191617,neutral
569667675603009537,neutral
570011200613806082,neutral
567829689600892928,neutral
569239823820705793,negative
568491094327078912,neutral
569926460036657152,neutral
568533876873633793,neutral
567767009908109312,negative
569204255191490560,negative
568194770524221440,negative
569816739699150849,negative
569780060523261952,negative
568621122368851968,neutral
569690786180132865,neutral
570009630786453505,negative
567761113631449089,negative
568481989776564224,negative
567594449874587648,negative
569251768770502656,neutral
568148009722073089,neutral
569555517502300160,negative
567794198095872001,neutral
569755876401274880,negative
569927739802652672,negative
567773236734074880,neutral
568383474303959041,negative
570214789487693824,negative
569973105075990528,positive
569588667225927680,negative
567830740373868544,positive
569526325255364609,neutral
569953507874373632,neutral
567860325179072512,negative
569221213026971649,positive
568755759670022147,negative
568768837744611328,negative
567813976492417024,negative
569620123096494080,negative
568940215190085633,negative
568094760151486464,negative
569556399585402880,negative
570242420643917824,negative
569283845985427457,negative
569634385823182852,negative
568128387576762370,negative
569011185439285248,negative
569525150263214080,negative
570226080457449472,negative
569862271968669697,negative
567935142418780161,negative
569668644529147904,negative
569471635163643905,negative
569960440438099969,negative
567680108002291712,positive
569368056855552001,negative
568411566233804802,negative
569841575737499648,positive
569526559012495361,negative
570072031502340096,negative
569388260633542657,negative
569671981852798976,negative
570050881879568384,negative
568503048961724417,negative
569967925416886273,negative
569296784922578944,negative
569829960178905089,negative
569873065464573952,positive
569581303785328640,negative
570262112477401088,negative
567847737061941249,negative
570014637397295104,negative
568619425886121985,positive
569614009369907200,negative
568169837878484992,negative
569477692166316033,negative
568491905903939584,negative
570053417311342593,negative
568442711910576128,positive
570291492545298432,negative
570307615189835777,negative
569703480933408768,negative
569250990291062786,negative
569493077368422400,negative
569372595067490304,negative
570031016800161792,negative
568187577909563392,neutral
570296996445204480,negative
570270848201797632,negative
568192038040006656,neutral
570258656383639553,neutral
569703328940032000,negative
569880100218544128,negative
570018285544206337,negative
567788982974619649,neutral
569888280793063424,positive
569676702030262272,negative
569146504004415489,negative
567786652991770629,positive
569664265218600960,negative
568802232004513792,neutral
567762333779628032,negative
568462314388656128,negative
568910753652199424,positive
569914957552353280,negative
568029682626650112,negative
569684917145223170,negative
568107310117212161,negative
569895406869483520,negative
568006084360863745,negative
568527304348942336,negative
569165709516759042,positive
568850938796118016,negative
569990010067423233,negative
569559370104639488,negative
569734069988286464,negative
568746335446441984,negative
568169352383602688,neutral
570011341483843584,neutral
570304912468402177,negative
569683866908286976,negative
570122982863060992,negative
569710446112067584,negative
569891350302367745,negative
569606901325017090,negative
569921001301024770,negative
568456567835619328,negative
568036095088160768,neutral
569930613962072064,negative
569676336635236352,neutral
568823817679847425,negative
569603991551782913,positive
567829088380919809,negative
568448077624770560,positive
568126169008218112,negative
569254020457635840,negative
567905184040382464,negative
569627480425766912,negative
568088472772157440,neutral
568872365146251264,positive
568834026317832193,negative
569867363580903424,positive
568066878192508928,negative
569954670006763520,negative
570056289419526145,negative
568801276416401408,neutral
567734002287513602,neutral
568443870570278912,negative
570309340952993796,neutral
568512847178645505,negative
567722301471199232,negative
568472775729516544,neutral
570275632518733825,neutral
567757897841385473,negative
569785074910154752,neutral
569589028590391298,negative
568861568609456128,negative
569700247275876352,negative
569871932251729920,negative
569179721549914112,negative
568243964983308289,negative
568898792247992320,neutral
569192549170032640,negative
569481844300898304,negative
568901823215448064,negative
569225196386660352,negative
568391878871285760,negative
569506408145784832,positive
569504176306331649,negative
569944997308407808,negative
569981968655519744,neutral
568076081665679360,positive
568811069575204864,negative
569318505755103232,negative
568178665189711872,negative
569988987420434432,negative
567919961055711232,negative
568149912665198592,positive
569162593819955203,negative
567730143536226304,negative
569165556722503681,positive
568191343769620480,neutral
570000614794489856,negative
567967872263331840,neutral
570058986025672704,negative
569893140066213888,negative
569644492040613888,negative
568861255731154944,neutral
570043820278050817,negative
568844078730727424,negative
568058934428372992,positive
568671211430891520,negative
567735489688395776,positive
569905258715082753,negative
569706793531629570,negative
568002085888897025,negative
569574221216661505,negative
568487509958774784,neutral
569521778797744128,positive
568999631956393984,negative
569934069712052224,positive
569577455176048642,negative
569937673206534144,negative
570070483338731520,negative
569143528397254656,neutral
569302490421833729,negative
569890258181070848,neutral
568075902493593600,negative
569692158287962112,positive
568148652352544769,negative
569897003255083008,negative
568875674552807425,neutral
568942578026086401,negative
568983310438805505,positive
569604985110994945,negative
568917054004334592,negative
570267902726803456,negative
569706908002578432,negative
570129828969459712,negative
569618829627666432,negative
569623248205430785,negative
568908748732760064,positive
567895874598215680,negative
569783738210525184,negative
568516267440631808,negative
570045585149063168,negative
569981473060560896,negative
568944096687075329,negative
568177910101745666,negative
568266890499346432,negative
568258846235316225,negative
568151905165316097,negative
568829652233428992,neutral
569246786440830977,negative
568091027774545920,negative
569673758501412865,negative
569600780048560128,negative
568048515932426241,negative
569876741092552704,negative
569250438882705410,positive
568828648687591424,negative
569671908251213824,neutral
568609430754865152,negative
569666042672369665,negative
570295981985681409,negative
569850239789568000,negative
570265609122029568,neutral
569282355904548864,negative
568162061278011392,negative
569922437195829248,neutral
569191270654070784,negative
568278231973044225,positive
570232671353376769,negative
568616463407255552,negative
569890309624082432,negative
570239952975482881,negative
569276518305820672,positive
568524724256444416,negative
568831798857195520,negative
569733015896592385,negative
569906662061944834,neutral
567821839784939520,positive
569983030108024833,negative
569901094945611776,negative
569255973958889472,negative
568463644503240704,positive
570240896387710976,negative
569770363623575552,positive
569699027782012930,negative
567886422826307585,negative
569787573725491200,negative
568832907525152769,negative
569603523954016256,negative
568032561462689793,neutral
569673473607344128,negative
567852704980017152,negative
569970775517741056,neutral
568430874049581058,negative
568788141236199424,negative
567663504102940672,negative
567761144190746625,positive
568566512308523008,negative
570097279870361600,negative
570222630525014017,neutral
569714127792254976,positive
569552658010210305,negative
569863705841831936,negative
569303395460259840,negative
569740152966238208,negative
568214398474432512,positive
570303889754488832,negative
569609970007674881,negative
570197979820224512,negative
567793186698190848,negative
567929586077425664,negative
569709552721141764,negative
568801400815292416,neutral
569287489883500545,negative
569826411206316032,negative
570165459783450624,negative
570101550787350528,positive
569577771292237824,negative
568432609866457088,negative
568818695562260481,negative
567720839408533504,positive
568839278681174016,neutral
569911344658386944,negative
568949545972961280,negative
569903056403505152,negative
569558156512088064,negative
569594386066984960,negative
568798862086836225,negative
568583191260483584,negative
568554719934844928,positive
570192751830171648,neutral
570280436796166144,positive
569715233549369344,negative
568848699960332288,negative
568396209091702784,negative
568458157703499776,negative
569651320736522240,negative
569431884217909248,negative
570058699676520448,negative
570219877006503936,negative
569261737037455361,negative
569343970360348672,negative
569114772211437568,negative
568387362239205376,negative
568401416982806528,negative
568116534855503872,positive
568107407647207424,positive
570282469121007616,negative
569944355261304833,negative
570205917024628736,positive
568795451341856768,negative
568913508936458240,negative
570101371409559552,negative
567807014388154368,negative
569639854277066752,negative
570001191796678656,positive
569357497871437824,negative
569865022031015937,negative
569723768773349376,negative
569862767236255744,negative
569578439797313536,negative
569220096490483712,negative
569595899204255745,negative
568187636449472513,negative
568104590387884032,negative
569309777567875075,positive
569605359406485504,negative
570306529947193344,negative
569992662779961344,negative
570299252141903873,negative
567787240399851520,negative
569626884549578752,negative
569380416219709440,negative
570084582780899328,negative
567728890206904320,negative
569620169971998721,negative
568877748967444480,negative
568505037833396224,negative
568408653562294272,positive
568760315569053696,negative
569511892215062528,negative
569579478168547328,negative
569846678351540224,negative
569374298168791040,negative
569626297116176384,negative
569249933271965696,negative
570009743160254464,negative
568542364207325185,positive
569510774957170690,negative
570001183600812033,neutral
570020852210774016,positive
569631824101683200,negative
569947389383065600,neutral
569947823426441216,neutral
569684101197910016,negative
569661321744134144,negative
570024174162485251,negative
568440384897966080,neutral
569716065741045760,negative
570152557475028992,negative
567851942627577856,negative
569675481857064960,negative
569893878536527872,negative
569308292893290496,negative
567793799590854656,negative
569855106583281664,negative
568883744246878208,negative
568991695917834240,negative
570091216013955073,negative
569873665640292353,negative
567734499669454848,negative
569933357515026432,negative
570304633048047616,negative
569587787680256001,negative
570186533258416133,negative
569608733321498627,positive
568501367754661888,negative
569749507623120897,negative
567785122708332546,positive
569980177247285249,negative
569880788612866048,negative
569920436466794496,negative
567827275619549184,negative
567752625647394816,negative
569654749055864832,negative
568423284401836032,negative
570009035455344640,negative
569907323650633728,negative
568782761852596225,neutral
569954475433201665,negative
569528523418775552,negative
569672055471210496,neutral
569747046338588672,negative
569915992777687041,negative
569949405136232449,negative
569946219826548736,neutral
570104704241307649,negative
569734065697353729,negative
569921082708389888,negative
569925551475056640,negative
570078673090408448,negative
569924375723560961,neutral
570273880486629377,negative
569926859699437568,negative
567871168214106113,negative
569673773567381505,negative
567781607797305345,negative
569745728693784576,negative
569643210785497088,negative
569970626057801728,negative
569603962233622528,negative
569706754025660417,negative
569658243871608832,negative
568068967098658816,negative
569321800359927808,neutral
569444898660691968,negative
568835134603931649,neutral
569542052259766272,negative
569681863939371008,negative
568885645927686144,neutral
568738229274464256,positive
569159814426853376,negative
568039503602065408,negative
570283851018317824,negative
569320844503228416,negative
568240364315783168,positive
569601275672829952,negative
568155954484797442,positive
569682667362344960,negative
570275536406253568,neutral
569656088817233921,negative
568167414493532161,negative
570272714205863936,negative
568940264020004864,negative
569771711408644096,positive
569304186548047872,positive
569649006986407936,negative
567853052943663104,negative
569908918421299200,negative
570004899234074624,negative
569893924942299136,neutral
567729368110096385,negative
570066805810601985,negative
569586189776371712,positive
569627123150778368,negative
568079278505463808,negative
569328128310403073,negative
567824276414558208,negative
569957053432639488,positive
567864793404555264,negative
569585203666161664,negative
569359025655181312,negative
568957173692108800,negative
569608322925473792,negative
569126026938335232,negative
568249132323770368,negative
569262225900359680,negative
567869273109958656,negative
568104744025268224,negative
570081797427621888,negative
568859157253611520,negative
567743028215836672,positive
568953367646625792,positive
569022319437357056,negative
570251472203587584,negative
568804416662454272,negative
569690626293305344,negative
569667019693359104,neutral
570162212616212480,negative
568444042851323904,negative
569971526876962819,negative
568850770331721728,neutral
568784239841431552,negative
569252732940320768,negative
569698562734321665,neutral
570014884651380736,negative
568605590735294464,positive
568507131902726144,negative
567754056924672000,positive
569596097540132864,negative
569620354781425665,negative
569596420761604096,negative
567788423352950784,negative
569548355489148928,negative
569657112109965312,negative
569533103359660033,negative
568568900767653889,positive
569844379176853504,negative
568481017876623360,negative
568833691306369025,neutral
570037369841135616,negative
569716670689902592,negative
569613897516380160,negative
569740316577632256,negative
569642526065471488,negative
569353354545008640,negative
570092196247969796,negative
567746544536145921,positive
569704108095111168,negative
569976293573447682,negative
569646601398067200,negative
568917429033652226,negative
569619075246235648,negative
569669795559432192,negative
569120847115501568,negative
568797413529538562,neutral
570227698334720002,negative
567781176375803905,negative
567824229296566272,negative
569645350379757568,negative
569649277888106496,negative
568895534825639936,negative
570302023968694272,negative
568726628639100928,negative
569587188687634433,negative
567907483177582592,negative
570298679250305024,negative
569377633894445056,negative
569933360564342784,negative
569897060717105152,negative
569628172842479616,negative
569418216935723008,negative
567729203894702082,negative
569551374867939328,negative
569641805073031168,negative
569892434592669696,neutral
568439319779790848,negative
568429641699954688,neutral
568212521657737216,neutral
568193603954085888,positive
567904569679880192,negative
568095440517754881,neutral
568403649753448448,negative
570250989305004033,negative
569616634601717760,negative
569151206028931072,negative
570002509906837504,neutral
569143996422995968,negative
570269774594224128,neutral
568017916161085441,negative
569977521690669056,negative
568944687077199872,neutral
569283532167757826,positive
568157451729526784,negative
568759575807184896,negative
568562728585064449,positive
569679976053805056,negative
569259688887492608,negative
568234670166568960,neutral
570088135851266048,neutral
569223536507809792,negative
569670634718023680,positive
568035844088590336,negative
570226164146397184,neutral
570030173300658176,negative
569961886046760961,neutral
570075711433609216,neutral
569594712337854464,positive
567823996852428801,negative
569322657822285824,negative
568400096586395649,negative
567792185832394752,negative
568478536715120640,neutral
569884754281046016,neutral
569891436100874241,neutral
569911515106582528,negative
569748501342478336,negative
568538553862340608,negative
567822779501846528,negative
568535586325303296,negative
569937891788505088,neutral
569533479362408448,positive
570229936285331457,neutral
570042796624777216,negative
569974508435562496,negative
568920546043408385,neutral
569695357858238464,negative
569710627649761282,negative
568111402084401152,negative
567814633047728128,negative
568511254530101248,neutral
569963701794516992,negative
568244401308184576,negative
570308156699611137,negative
570269280748441601,negative
570286882623369217,negative
567808748711051264,negative
568496861797076992,negative
568922057552977920,negative
568252787756302336,negative
568185516971204608,positive
569111291454840833,negative
570106573395087362,negative
567897563065511936,neutral
569631742631354369,negative
569721410542645248,negative
569724545738760192,negative
569538703732772864,negative
567951109677027328,negative
568473862083461121,negative
568602941940043776,positive
569737259999571968,negative
569825936788598786,negative
570144025451339776,negative
570240784357830659,negative
568898792755470336,negative
568988406476189696,neutral
568213658117005314,positive
568127465224323072,neutral
568910220644237312,negative
568265091226800130,negative
569692610543005697,negative
570038580967383042,negative
567779193342423040,negative
569992532123258881,negative
569813808987787264,negative
570056648137576449,negative
569827608193585152,negative
569314643627413504,positive
568758001856847872,positive
569076249487925248,negative
569507632509267968,neutral
569103956795904000,positive
569890152832749568,negative
570020147827752961,negative
568852176799277057,positive
569630712233627648,negative
570105441688158208,negative
569502909093646336,negative
567807375667912704,negative
569548726265470976,negative
569915576862183425,negative
570030761539182592,negative
567758180068130816,positive
567992830943223808,neutral
569701848476745728,negative
569263496560422912,positive
569994012670734336,negative
569599379893575680,negative
569675861160386560,negative
570293957739081728,negative
568699390962958336,negative
569950510981083136,negative
569600137296633856,positive
568201002731622400,negative
569747874952683520,negative
568858899438178305,negative
569365604832047104,negative
569615206625599488,negative
569885759513034752,negative
569682747712770048,negative
569688201222160385,negative
567750428595871745,negative
568912588748292097,negative
570123207824568320,negative
569673709520158720,neutral
569217317315354624,negative
569678787383857152,negative
570271704972464129,negative
569891023335387136,negative
569181243385909249,negative
568515166410653696,positive
570281470507352064,negative
569262534232039427,negative
569684982366666752,negative
569363173817643009,negative
570275218515726337,negative
569542242983124992,positive
569585343084650496,negative
570272186419847168,neutral
569903120781852672,negative
569592778872606720,negative
569934205611872256,neutral
567801559788068864,neutral
567822117237170178,positive
570044715321569280,neutral
568118452965085184,positive
568560510896963584,negative
569492459258056704,negative
569599725240000513,negative
569156321636847617,negative
569925929713188864,neutral
570304779412508673,negative
569435327544369153,negative
567766755797389312,negative
567729658276237312,negative
569153841083625473,negative
570267215720800256,neutral
569168515674058752,negative
569652564544761856,negative
569855773951561728,neutral
569321988591906818,negative
569970659297792000,negative
568608665072246784,negative
569625606536732672,neutral
569951438329085952,negative
568134973728755712,neutral
569732355067244545,neutral
570007995813273600,neutral
568821070767255552,neutral
569874098035142656,negative
569311498301870080,neutral
569613265631780865,negative
570042533679656960,neutral
567905220828606466,positive
570195036782133248,positive
569248250424918021,negative
569541478244089857,negative
569228788481069057,negative
568807947423375360,negative
568797729876344833,negative
569595643087486976,neutral
568233965800304640,positive
569343738331275264,negative
569678153783877634,negative
569353501123280896,negative
568672436977168385,negative
567679487383699456,negative
568203839242764288,negative
569527721916796929,negative
567879304593408001,negative
569973504390639616,negative
570201707621146624,negative
568634603885502464,negative
568904155332354050,negative
569359793800024064,negative
570012706704662528,negative
569381811278770176,negative
569903366647586818,negative
569984339800416256,negative
569898995327377408,neutral
568435244841500673,negative
569223788639821824,negative
570279720937529345,positive
569025555343007744,negative
569824906638073856,negative
569889885651234816,negative
569855477854691328,negative
568808975828955136,negative
569914488541069312,positive
569256471046823937,negative
569527205291802624,negative
568825255604699136,negative
568895842293309440,positive
567753194546421760,positive
567822994925441025,negative
568092209368719360,negative
569662030984056834,negative
570251560871002112,negative
567724950556258304,negative
568454051144339456,neutral
568667108252319744,negative
569631027385245696,negative
569632379326869504,negative
568829891220803584,negative
567727499367682048,negative
570121361953202178,negative
570229420058918913,positive
569529416155402240,negative
568162673981943808,negative
569912776199704578,negative
570085487261700096,negative
570283544125288448,negative
567808255566602240,negative
567972174398689280,negative
569583943772610560,negative
567764034418909186,positive
569730304111325184,neutral
570187239864414208,negative
569259186711764992,negative
569997351412228097,negative
569331021163814912,negative
568274752864948224,neutral
568943214130040832,negative
570041988986347521,positive
567811376686637056,negative
570076827135246336,negative
568558484653883392,negative
569939532096925697,neutral
569836305066041344,negative
568937604328108032,negative
568132209330098177,neutral
570290220589027328,negative
568240029413163008,negative
568092044964421632,negative
569683974748033026,negative
569104886119297024,neutral
570136706877272064,negative
569595123799101440,negative
570054266267811840,negative
569611735696580611,neutral
570004771496714241,negative
569976246135697408,positive
569345701487906818,negative
570182283665088512,negative
569641346316640256,negative
569937998806011905,negative
567807786748284928,negative
569872009380941825,negative
568231742449922049,negative
567893924699770880,negative
569863183961165826,negative
568446450700558336,positive
569938848156930050,neutral
567811093369790464,negative
570002971678756865,negative
569006176186183680,negative
569780773194113025,negative
569979566279626752,negative
569928419435286528,negative
569943328701095937,negative
569963935429824512,negative
570195784358100993,negative
569619545893306369,negative
568946502615179264,negative
569600985007558656,neutral
569247579692781569,neutral
569385784685363201,negative
569600137296633856,positive
568676876866224128,negative
568971449815289856,negative
569961070519050240,negative
568246970126438400,negative
567843889748418560,negative
568438982301917184,negative
569400431002173441,negative
569693430902861824,neutral
568883981371846656,negative
568139007617597440,negative
569939368598753280,negative
569663371353546752,negative
569864778702671874,negative
570233869212856320,positive
569647694005870592,negative
568662343170674688,negative
568417968230694912,negative
569149666027294720,neutral
569143132756914176,negative
569249554236878848,neutral
569989575793180672,neutral
569485181633089536,negative
570271896887017472,negative
569355673068118016,neutral
568552775325364224,negative
569495653526724608,neutral
567842366473834498,positive
569905765420441600,negative
568940002849255425,negative
570071071220609024,negative
568153151636766721,negative
568100000418250752,negative
568184231819481088,negative
569528410684461057,negative
568492016587436033,negative
569008329038524417,neutral
570091771675348992,negative
569691609404706817,positive
568179392293281792,neutral
569634318349246464,negative
569779173461336065,negative
569658153115250689,negative
569666866932813824,negative
569287724471066625,positive
568284515728302080,negative
568105051622756352,negative
569370900568502272,negative
568217304259010560,neutral
569845041440677888,negative
568132101729443841,negative
569961203197325312,negative
569126921096859648,negative
568772334632349696,negative
570075916430397440,negative
570282555057909760,negative
568169732895051777,negative
569652584761462784,negative
567805458053099520,neutral
568787202341081088,negative
567773445195583488,positive
569878117583622145,positive
568834824410148864,positive
570278902959988736,negative
569873668131717120,negative
569633257689518081,negative
568990617394647040,negative
569348678911021056,negative
567778921812389888,neutral
569623211324735488,negative
569929944291127296,positive
568184134666981376,neutral
567780392179351553,negative
569652313813430273,negative
569986029463011328,negative
570226414525542400,negative
569508469088387072,negative
568786745715757056,negative
569258404742500353,negative
569910981868060673,negative
569941609225293824,positive
568961738596462593,negative
568027668026937344,negative
569226875349835776,neutral
569723205142880256,neutral
569989504431316993,neutral
569618659917893632,negative
568433493987844096,negative
569964493066919936,neutral
568170929639059456,positive
567752048402104320,negative
567845203014377472,neutral
568140468854198272,negative
567845998166339584,negative
567747041976410112,negative
568354331503828992,neutral
568968393765711874,negative
570093652120178689,negative
568947860424642560,negative
570041591714455552,neutral
567861645084631041,negative
568218962833461248,negative
568544738032242688,positive
569976628220182529,negative
570267457841033216,positive
569239939776274433,negative
567774320170119168,positive
568788357431447552,neutral
569659599709704192,positive
569556807703764992,negative
569535962604310529,negative
569938450633388032,negative
568182386409607168,positive
569510808847196160,negative
567797429517692928,negative
568607562251108352,positive
569586373042278400,negative
570069236971806720,negative
569496919036305408,negative
570028125024706561,negative
570249871107723264,negative
569853714149867521,negative
569846619996360704,negative
568495924135235585,neutral
569847852605812737,negative
570288167242375168,negative
569176969872605184,negative
568763245911126017,positive
569644249337110528,negative
569651366018166784,negative
569322175175352322,neutral
567796570197086208,positive
568924897575088130,neutral
568837615220166657,positive
568644053522391041,negative
569324647906480128,negative
568416493446270976,negative
568075934609346560,negative
568096875435282432,negative
569670589646032896,negative
569459716906229760,negative
567780624531222528,negative
569235825680105472,negative
569633643821441024,negative
568606225027485696,negative
568629979719675904,positive
568585196699664384,negative
569206152510226432,negative
570265280674459648,negative
569497966660218882,negative
569589959088173056,negative
569949297220980737,neutral
568454694756069376,neutral
569172793608278016,negative
568457802059902976,neutral
569948353003446274,negative
570083543553945600,positive
567764411205439488,negative
569993098023063552,negative
569355332113309696,negative
569688335788036096,negative
568889828588331009,negative
569613554963369985,neutral
568309328127655936,neutral
568422622922469376,neutral
567671602280923136,positive
569078332278513665,negative
570067446712791040,negative
568192252792541184,neutral
569908175953993728,negative
569714640764035073,negative
569649203753791488,negative
570017357747380224,negative
569162276403609600,positive
568332024802447361,negative
567867168429182976,negative
569510828023488512,negative
568261238444167170,negative
568491765910659072,negative
569015346624991232,positive
569801303204851713,negative
568394474243665920,negative
568982494676172800,negative
570304178314190848,negative
569886288691773440,negative
570278869133107201,negative
568104519633993728,positive
570283453750489088,negative
569504366006132736,negative
568796240319639552,neutral
570274417546113025,negative
568857663171366912,negative
569372947720179714,negative
567802808876158976,negative
568074163270905856,positive
568640713635676160,negative
568804026789138433,neutral
568171144504872961,neutral
568588522069733376,negative
569675527662874624,negative
569226128168062976,negative
568787787815776256,negative
570032796472778752,neutral
570271792314617857,negative
569155235156856833,negative
569635291490693120,positive
568509433229099009,negative
568236691397279745,neutral
569013921660731393,negative
568171015131394048,negative
570300355843661824,negative
569613601918492672,neutral
567887437998997504,negative
569656322154565632,negative
569972508499283968,positive
568960570486976513,negative
568648777315147777,negative
568805444761681921,positive
568805571647942656,negative
567774229249421312,negative
569194996143755264,negative
569650401085157376,negative
568211991757770752,positive
569753036014247936,negative
569932207311048705,negative
570271138464419840,negative
570282469791911936,negative
569179517522046977,negative
569114409613860864,negative
570299331707854848,neutral
569223830759059458,positive
568101609894342656,negative
570150741022617600,negative
567897883875217408,negative
568651726858747904,negative
569328854948573187,negative
570204730745421826,negative
569318653792948226,negative
569769525744250880,negative
568541544506114048,negative
569736434803978240,positive
568208413286477825,negative
567840923008237568,neutral
569370553963786241,positive
569213883371683840,negative
567743132180033536,negative
567844362601697280,positive
567781477761314816,negative
568775146703589376,negative
569863194929471488,negative
569832968954499072,negative
568528082841112576,negative
570270776370311168,negative
569874524922978304,negative
567819066708226048,neutral
569991184120193025,positive
568262925833515008,neutral
569451362687143936,negative
567881096647569408,negative
567868544572063744,negative
567811713870876672,negative
569392471966388224,negative
568139479237525505,negative
569723985262354433,negative
568594180014014464,negative
568184886051389440,negative
568965585620459520,negative
567835857929035776,neutral
568427566916345856,negative
569729325546602497,negative
569861209781989377,negative
568128069845848064,negative
569919625640615936,negative
569208480793567233,positive
569703616426045441,negative
568538790244909056,negative
570307390752608257,negative
570040888321318912,neutral
569547921189933056,negative
569684654380486656,negative
568148294087479296,negative
568662554047696896,neutral
569237252154372097,neutral
569646144805953536,negative
569236960528756737,neutral
569672563506458624,positive
569170897606709250,negative
568804502645706752,negative
568889677094232064,negative
569326818697871360,negative
570257660123193345,negative
570085837821632512,negative
568595828232863745,negative
569022042349051905,negative
568859726315827200,positive
569667602148151296,neutral
568902736462262272,negative
569995335893848064,neutral
568825686472953856,negative
569821145697890304,negative
570197779290697728,negative
570139364178530304,negative
570242205463359488,positive
568961404067164160,positive
570043390773084160,negative
569870036992593920,negative
569697646501363713,negative
568085970983251968,neutral
570000520083075072,negative
567885401714589696,negative
568276805972570112,negative
569884616649269248,negative
568995608238772224,negative
567919829589442560,negative
569418652128296960,negative
568451138221166592,negative
569416650325303297,negative
569947518655721472,neutral
568444321113862145,positive
567899604605218816,neutral
567771317705773056,neutral
570296417094373376,neutral
570060272049778688,negative
567734769312882688,negative
569977819389800448,negative
567785481161953280,positive
569335998083174400,negative
569607852236640256,neutral
569138500626292736,negative
568430681367453696,negative
569891260405665792,negative
569533875308916736,neutral
569696666611261440,negative
570087941277495296,negative
568133754142793728,negative
569525811704934401,negative
569940702425169920,neutral
567923103080275968,negative
568490703476682752,negative
569950945389518848,positive
570290337169739776,negative
569640733466103808,negative
569906035269324800,negative
569250015752749057,positive
568200934507057152,positive
569226460281610241,negative
570218269111664640,neutral
568613837198340098,neutral
569926412234326016,neutral
569597220871282690,negative
567776761510907904,neutral
569726059937185793,negative
567742148603170816,neutral
570210145239592960,negative
569686624721707009,negative
569483885404413952,negative
567730299912482816,negative
568255867751165952,negative
569172065724428288,negative
567888186967470080,negative
567886700275310592,neutral
568815689684815873,negative
569887819297992704,negative
569620002652889088,negative
569857157778132993,negative
569556215375613952,negative
570101194678517761,negative
569576321011077121,negative
569107706302357504,negative
569611217301450752,negative
568470715009277952,negative
567853001534210049,negative
569248721139048448,positive
569996776436068354,negative
570002432375148544,negative
568834902365503488,positive
569874933549027328,negative
568782407698149376,negative
568860308980117504,negative
569341255399964672,negative
569602407417692162,negative
567875974869680128,negative
570279220502511617,negative
570224746652160000,negative
569937806518169600,negative
569803373530128384,negative
569241834670698496,negative
569185594095509504,neutral
568211021497638912,negative
569817859406352384,negative
570283571941924864,negative
569280114296401920,neutral
569758473535164416,negative
569880374651650048,negative
569802396328534016,negative
569456828511326208,negative
568577596172009472,negative
569541291467522048,negative
569213183455563776,positive
569273795850178560,negative
568466550337875969,negative
570035338925592577,negative
568406334787457024,negative
568893092927029249,negative
568202940839800832,negative
569866847690100736,negative
568122723915862016,neutral
567748973428219904,negative
568352134422511616,negative
569989007532142592,positive
569698085821001728,negative
569953411988369408,positive
568174802059464705,negative
568195569350549504,negative
570050323017920512,negative
569854370726064132,negative
569652510950100992,negative
569179937841815553,negative
569577434657492992,negative
568155440267161600,positive
567756838529208320,negative
569188394716278786,negative
569644675352662016,negative
568853290513010688,negative
569810990189191168,negative
570066391388172290,negative
569637373853745152,negative
569719540520628224,negative
568949250152734720,negative
568983569563033600,negative
569884407852437504,negative
569540659209596928,negative
568463892453724160,negative
568394078817267712,positive
568140010458894338,positive
569216055018704896,negative
570115452568891392,negative
570298155465609217,negative
568448242804871168,negative
569823770308939776,negative
568419711521841152,negative
568201125012353024,negative
568478204190720000,negative
569233335915925505,negative
567763697230438400,negative
569379997175177216,negative
570068466717237249,negative
568560685568937985,neutral
569364328857640961,negative
568849058523033601,negative
570305603056349184,negative
570175202807586816,negative
568181167054196736,negative
569609699152273409,negative
568985010742693888,negative
569718465034096640,negative
569856654394720256,negative
569567144318365696,negative
569459543236874240,negative
569685259412836354,negative
570035876845084672,negative
569531988702576640,negative
568657247896788992,negative
569723086465069056,negative
570066554848743424,negative
568444017106690048,positive
568857956470517760,negative
569132246810144769,negative
568403209766744064,neutral
569748667793588224,negative
569842196045656064,negative
568276144107200512,negative
570276878788861953,negative
568526847320784896,neutral
569945380198203392,neutral
568474423742738432,positive
569896616322334720,negative
567806905617281024,neutral
568177882620661760,negative
570254322694557696,negative
570290421336813568,positive
568825791644966912,neutral
568809620019527680,negative
568646087361355776,neutral
570307312675651585,negative
569544528299995137,negative
569687874288914432,negative
569568878977794048,negative
568918820632403969,negative
569364758681559042,negative
570247180734353408,neutral
568587181264146432,negative
569932197735604224,positive
569983826245496832,negative
570306250442985473,negative
567747420650754048,negative
569822277145133056,positive
567836310775324672,negative
568555484589871105,positive
568137336095170560,negative
567814896965124096,negative
569894307508965377,neutral
568931759150084096,negative
569581126215438336,positive
569344744297521152,negative
570051381534396416,positive
568624572985004033,positive
568951532252585987,positive
567917894144770049,negative
568054514617622528,negative
567751489754382336,negative
569527176350969856,negative
567786151370629121,negative
569670286418841603,negative
567907212154118145,positive
570265831822778368,negative
568355601144680448,negative
570284862122233856,positive
569851299916869633,negative
568436267702071296,negative
569228668918222849,negative
568826055324098562,negative
569659668412407808,negative
569575176322424832,negative
569638835539349504,neutral
569606005618638848,negative
568494498361294848,positive
569603590349848576,negative
570268420140244992,negative
568188639412400128,neutral
568625258351063040,negative
568236763128463361,negative
569857805483675648,negative
569154879484235776,negative
570203789963218944,negative
569152332765667328,neutral
569651818453708800,negative
569247394002563072,negative
570001282603229186,negative
569506670189137920,negative
567781357355794432,negative
570228446053470208,negative
569316508352045056,negative
569964670531973120,positive
568990399814987777,negative
569743079491547137,negative
569513103970455552,negative
569274600196075520,negative
569357810867138560,negative
569629990129520641,positive
569259575800569857,negative
570007761355980800,negative
569505407862902784,neutral
569255280275369984,negative
569831418412429312,negative
569129625592274944,negative
569330686135537664,negative
569278644943757312,positive
568396913726382080,negative
569664965658972160,negative
567785191901376512,neutral
567882458357714944,negative
570026514923675648,negative
569613526328717313,negative
569870924410970112,negative
568995256525398016,negative
570032541933051904,negative
567732468657041408,negative
569241970662645762,negative
567702414157824000,negative
568976065210806272,negative
569866337427664897,positive
570305363859406848,negative
570296212336865283,negative
569209352730513409,negative
569893988846546945,negative
569600291290656768,negative
569953628687101954,positive
569674205920411648,negative
568997044406374400,negative
569269140386488320,positive
569215950597201921,negative
569589379385008129,positive
568211739059326976,positive
570269172774649856,neutral
568424704597467137,negative
568591278805528576,negative
570136977074491392,negative
568752875205238784,negative
569525480178769920,negative
570092599316389888,negative
567760872739975168,neutral
569544350364889088,negative
570244720229797889,negative
568544491596083200,negative
568047159746174976,negative
570284988224008192,negative
570107683027718144,negative
569644634386911232,negative
568494466929188864,negative
569947414263701505,negative
568606101412962304,negative
569622568459636736,negative
569989252613689344,negative
567771635139502080,negative
569660363794468864,negative
568751082547089408,negative
569670671695011840,neutral
569259404589191168,negative
